PRAGMA foreign_keys=OFF;
BEGIN TRANSACTION;
CREATE TABLE "django_migrations" ("id" integer NOT NULL PRIMARY KEY AUTOINCREMENT, "app" varchar(255) NOT NULL, "name" varchar(255) NOT NULL, "applied" datetime NOT NULL);
INSERT INTO "django_migrations" VALUES(1,'contenttypes','0001_initial','2017-08-08 15:27:37.857702');
INSERT INTO "django_migrations" VALUES(2,'auth','0001_initial','2017-08-08 15:27:37.887615');
INSERT INTO "django_migrations" VALUES(3,'admin','0001_initial','2017-08-08 15:27:37.917516');
INSERT INTO "django_migrations" VALUES(4,'admin','0002_logentry_remove_auto_add','2017-08-08 15:27:37.943836');
INSERT INTO "django_migrations" VALUES(5,'contenttypes','0002_remove_content_type_name','2017-08-08 15:27:38.014129');
INSERT INTO "django_migrations" VALUES(6,'auth','0002_alter_permission_name_max_length','2017-08-08 15:27:38.037436');
INSERT INTO "django_migrations" VALUES(7,'auth','0003_alter_user_email_max_length','2017-08-08 15:27:38.064257');
INSERT INTO "django_migrations" VALUES(8,'auth','0004_alter_user_username_opts','2017-08-08 15:27:38.093650');
INSERT INTO "django_migrations" VALUES(9,'auth','0005_alter_user_last_login_null','2017-08-08 15:27:38.126676');
INSERT INTO "django_migrations" VALUES(10,'auth','0006_require_contenttypes_0002','2017-08-08 15:27:38.129264');
INSERT INTO "django_migrations" VALUES(11,'auth','0007_alter_validators_add_error_messages','2017-08-08 15:27:38.152162');
INSERT INTO "django_migrations" VALUES(12,'auth','0008_alter_user_username_max_length','2017-08-08 15:27:38.182750');
INSERT INTO "django_migrations" VALUES(13,'mrr_calculations','0001_initial','2017-08-08 15:27:38.218093');
INSERT INTO "django_migrations" VALUES(14,'mrr_calculations','0002_auto_20170331_1713','2017-08-08 15:27:38.275234');
INSERT INTO "django_migrations" VALUES(15,'mrr_calculations','0003_clientmrr_classification_value','2017-08-08 15:27:38.293919');
INSERT INTO "django_migrations" VALUES(16,'sessions','0001_initial','2017-08-08 15:27:38.303441');
CREATE TABLE "auth_group" ("id" integer NOT NULL PRIMARY KEY AUTOINCREMENT, "name" varchar(80) NOT NULL UNIQUE);
CREATE TABLE "auth_group_permissions" ("id" integer NOT NULL PRIMARY KEY AUTOINCREMENT, "group_id" integer NOT NULL REFERENCES "auth_group" ("id"), "permission_id" integer NOT NULL REFERENCES "auth_permission" ("id"));
CREATE TABLE "auth_user_groups" ("id" integer NOT NULL PRIMARY KEY AUTOINCREMENT, "user_id" integer NOT NULL REFERENCES "auth_user" ("id"), "group_id" integer NOT NULL REFERENCES "auth_group" ("id"));
CREATE TABLE "auth_user_user_permissions" ("id" integer NOT NULL PRIMARY KEY AUTOINCREMENT, "user_id" integer NOT NULL REFERENCES "auth_user" ("id"), "permission_id" integer NOT NULL REFERENCES "auth_permission" ("id"));
CREATE TABLE "django_admin_log" ("id" integer NOT NULL PRIMARY KEY AUTOINCREMENT, "object_id" text NULL, "object_repr" varchar(200) NOT NULL, "action_flag" smallint unsigned NOT NULL, "change_message" text NOT NULL, "content_type_id" integer NULL REFERENCES "django_content_type" ("id"), "user_id" integer NOT NULL REFERENCES "auth_user" ("id"), "action_time" datetime NOT NULL);
CREATE TABLE "django_content_type" ("id" integer NOT NULL PRIMARY KEY AUTOINCREMENT, "app_label" varchar(100) NOT NULL, "model" varchar(100) NOT NULL);
INSERT INTO "django_content_type" VALUES(1,'admin','logentry');
INSERT INTO "django_content_type" VALUES(2,'auth','permission');
INSERT INTO "django_content_type" VALUES(3,'auth','user');
INSERT INTO "django_content_type" VALUES(4,'auth','group');
INSERT INTO "django_content_type" VALUES(5,'contenttypes','contenttype');
INSERT INTO "django_content_type" VALUES(6,'sessions','session');
INSERT INTO "django_content_type" VALUES(7,'mrr_calculations','invoiceitem');
INSERT INTO "django_content_type" VALUES(8,'mrr_calculations','customer');
INSERT INTO "django_content_type" VALUES(9,'mrr_calculations','clientmrr');
INSERT INTO "django_content_type" VALUES(10,'mrr_calculations','csvupload');
CREATE TABLE "auth_permission" ("id" integer NOT NULL PRIMARY KEY AUTOINCREMENT, "content_type_id" integer NOT NULL REFERENCES "django_content_type" ("id"), "codename" varchar(100) NOT NULL, "name" varchar(255) NOT NULL);
INSERT INTO "auth_permission" VALUES(1,1,'add_logentry','Can add log entry');
INSERT INTO "auth_permission" VALUES(2,1,'change_logentry','Can change log entry');
INSERT INTO "auth_permission" VALUES(3,1,'delete_logentry','Can delete log entry');
INSERT INTO "auth_permission" VALUES(4,2,'add_permission','Can add permission');
INSERT INTO "auth_permission" VALUES(5,2,'change_permission','Can change permission');
INSERT INTO "auth_permission" VALUES(6,2,'delete_permission','Can delete permission');
INSERT INTO "auth_permission" VALUES(7,3,'add_user','Can add user');
INSERT INTO "auth_permission" VALUES(8,3,'change_user','Can change user');
INSERT INTO "auth_permission" VALUES(9,3,'delete_user','Can delete user');
INSERT INTO "auth_permission" VALUES(10,4,'add_group','Can add group');
INSERT INTO "auth_permission" VALUES(11,4,'change_group','Can change group');
INSERT INTO "auth_permission" VALUES(12,4,'delete_group','Can delete group');
INSERT INTO "auth_permission" VALUES(13,5,'add_contenttype','Can add content type');
INSERT INTO "auth_permission" VALUES(14,5,'change_contenttype','Can change content type');
INSERT INTO "auth_permission" VALUES(15,5,'delete_contenttype','Can delete content type');
INSERT INTO "auth_permission" VALUES(16,6,'add_session','Can add session');
INSERT INTO "auth_permission" VALUES(17,6,'change_session','Can change session');
INSERT INTO "auth_permission" VALUES(18,6,'delete_session','Can delete session');
INSERT INTO "auth_permission" VALUES(19,7,'add_invoiceitem','Can add invoice item');
INSERT INTO "auth_permission" VALUES(20,7,'change_invoiceitem','Can change invoice item');
INSERT INTO "auth_permission" VALUES(21,7,'delete_invoiceitem','Can delete invoice item');
INSERT INTO "auth_permission" VALUES(22,8,'add_customer','Can add customer');
INSERT INTO "auth_permission" VALUES(23,8,'change_customer','Can change customer');
INSERT INTO "auth_permission" VALUES(24,8,'delete_customer','Can delete customer');
INSERT INTO "auth_permission" VALUES(25,9,'add_clientmrr','Can add client mrr');
INSERT INTO "auth_permission" VALUES(26,9,'change_clientmrr','Can change client mrr');
INSERT INTO "auth_permission" VALUES(27,9,'delete_clientmrr','Can delete client mrr');
INSERT INTO "auth_permission" VALUES(28,10,'add_csvupload','Can add csv upload');
INSERT INTO "auth_permission" VALUES(29,10,'change_csvupload','Can change csv upload');
INSERT INTO "auth_permission" VALUES(30,10,'delete_csvupload','Can delete csv upload');
CREATE TABLE "auth_user" ("id" integer NOT NULL PRIMARY KEY AUTOINCREMENT, "password" varchar(128) NOT NULL, "last_login" datetime NULL, "is_superuser" bool NOT NULL, "first_name" varchar(30) NOT NULL, "last_name" varchar(30) NOT NULL, "email" varchar(254) NOT NULL, "is_staff" bool NOT NULL, "is_active" bool NOT NULL, "date_joined" datetime NOT NULL, "username" varchar(150) NOT NULL UNIQUE);
INSERT INTO "auth_user" VALUES(1,'pbkdf2_sha256$30000$afaQ5AFCMC5Y$kDkF7CjSaSeHWqragBxOK1GlCFibS0tDkKowmiByTho=','2017-08-09 13:42:19.346477',1,'','','admin@admin.com',1,1,'2017-08-08 18:09:32.561254','admin');
CREATE TABLE "mrr_calculations_csvupload" ("id" integer NOT NULL PRIMARY KEY AUTOINCREMENT, "date_uploaded" datetime NOT NULL, "title" varchar(100) NOT NULL);
INSERT INTO "mrr_calculations_csvupload" VALUES(11,'2017-08-08 20:41:56.828464','mrr_sample.csv');
CREATE TABLE "mrr_calculations_customer" ("id" integer NOT NULL PRIMARY KEY AUTOINCREMENT, "internal_name" varchar(150) NOT NULL UNIQUE, "name" varchar(100) NULL, "category" varchar(50) NULL, "primary_lip_id" integer NULL REFERENCES "mrr_calculations_customer" ("id"));
INSERT INTO "mrr_calculations_customer" VALUES(1,'Ophthalmology Practice',NULL,NULL,NULL);
INSERT INTO "mrr_calculations_customer" VALUES(2,'Cardiology Practice',NULL,NULL,NULL);
INSERT INTO "mrr_calculations_customer" VALUES(3,'Gastro Practice',NULL,NULL,NULL);
INSERT INTO "mrr_calculations_customer" VALUES(4,'Neuro Practice',NULL,NULL,NULL);
CREATE TABLE "mrr_calculations_invoiceitem" ("id" integer NOT NULL PRIMARY KEY AUTOINCREMENT, "invoice_number" varchar(50) NOT NULL, "invoice_date" date NOT NULL, "transaction_type" varchar(50) NOT NULL, "product_type" varchar(100) NOT NULL, "quantity" decimal NULL, "rate" decimal NULL, "amount" decimal NULL, "memo" text NULL, "revenue_type" varchar(50) NOT NULL, "start_date" date NULL, "end_date" date NULL, "product_class" varchar(50) NOT NULL, "customer_id" integer NOT NULL REFERENCES "mrr_calculations_customer" ("id"), "orig_csv_id" integer NOT NULL REFERENCES "mrr_calculations_csvupload" ("id"), "is_processed" bool NOT NULL);
INSERT INTO "mrr_calculations_invoiceitem" VALUES(103,'1','2016-06-17','type1','widget1',1,11000,11000,'','revrec','2016-06-19','2017-06-18','',1,11,1);
INSERT INTO "mrr_calculations_invoiceitem" VALUES(104,'2','2016-07-13','type2','widget2',3,700,2100,'','revrec','2016-07-13','2017-07-12','',2,11,1);
INSERT INTO "mrr_calculations_invoiceitem" VALUES(105,'3','2016-08-13','type3','widget3',1,23000,23000,'','revrec','2016-08-12','2017-05-07','',1,11,1);
INSERT INTO "mrr_calculations_invoiceitem" VALUES(106,'4','2016-08-18','type4','widget4',1,4500,4500,'','revrec','2016-08-14','2017-03-12','',2,11,1);
INSERT INTO "mrr_calculations_invoiceitem" VALUES(107,'5','2016-10-11','type5','widget5',1,1250,1250,'','revrec','2016-10-15','2017-03-16','',2,11,1);
INSERT INTO "mrr_calculations_invoiceitem" VALUES(108,'6','2017-11-22','type6','widget6',1,3000,3000,'','revrec','2016-11-23','2017-11-24','',1,11,1);
INSERT INTO "mrr_calculations_invoiceitem" VALUES(109,'7','2016-12-11','type7','widget7',1,750,750,'','booking','2016-12-17','2016-12-18','',1,11,1);
INSERT INTO "mrr_calculations_invoiceitem" VALUES(110,'21','2016-08-01','type14','widget14',1,1122,1122,'','booking','2016-08-01','2016-08-01','',2,11,1);
INSERT INTO "mrr_calculations_invoiceitem" VALUES(111,'22','2016-09-01','type14','widget14',1,560,560,'','booking','2016-09-01','2016-09-01','',4,11,1);
INSERT INTO "mrr_calculations_invoiceitem" VALUES(112,'23','2016-10-01','type14','widget14',1,975,975,'','booking','2016-10-01','2016-10-01','',1,11,1);
INSERT INTO "mrr_calculations_invoiceitem" VALUES(113,'8','2017-04-11','type8','widget8',1,13500,13500,'','revrec','2017-04-13','2018-04-12','',3,11,1);
INSERT INTO "mrr_calculations_invoiceitem" VALUES(114,'9','2017-04-12','type9','widget9',1,350,350,'','booking','2017-04-14','2017-04-15','',1,11,1);
INSERT INTO "mrr_calculations_invoiceitem" VALUES(115,'10','2017-05-10','type10','widget10',1,670,670,'','booking','2017-05-13','2017-05-15','',2,11,1);
INSERT INTO "mrr_calculations_invoiceitem" VALUES(116,'11','2017-06-10','type11','widget11',1,15000,15000,'','revrec','2017-06-11','2018-06-10','',4,11,1);
INSERT INTO "mrr_calculations_invoiceitem" VALUES(117,'12','2017-06-24','type12','widget12',1,2300,2300,'','revrec','2017-06-22','2017-12-21','',3,11,1);
INSERT INTO "mrr_calculations_invoiceitem" VALUES(118,'13','2017-06-11','type13','widget13',1,440,440,'','booking','2017-06-12','2017-06-13','',3,11,1);
INSERT INTO "mrr_calculations_invoiceitem" VALUES(119,'14','2017-07-10','type14','widget14',1,880,880,'','booking','2017-07-11','2017-07-12','',4,11,1);
INSERT INTO "mrr_calculations_invoiceitem" VALUES(120,'15','2017-07-31','type14','widget14',1,880,880,'','booking','2017-07-31','2017-07-31','',2,11,1);
INSERT INTO "mrr_calculations_invoiceitem" VALUES(121,'16','2017-08-31','type14','widget14',1,880,880,'','booking','2017-08-31','2017-08-31','',4,11,1);
INSERT INTO "mrr_calculations_invoiceitem" VALUES(122,'17','2017-09-30','type14','widget14',1,900,900,'','booking','2017-09-30','2017-09-30','',1,11,1);
INSERT INTO "mrr_calculations_invoiceitem" VALUES(123,'18','2017-07-01','type14','widget14',1,413,413,'','booking','2017-07-01','2017-07-02','',2,11,1);
INSERT INTO "mrr_calculations_invoiceitem" VALUES(124,'19','2017-08-01','type14','widget14',1,350,350,'','booking','2017-08-01','2017-08-02','',4,11,1);
INSERT INTO "mrr_calculations_invoiceitem" VALUES(125,'20','2017-09-01','type14','widget14',1,1100,1100,'','booking','2017-09-01','2017-09-02','',1,11,1);
CREATE TABLE "mrr_calculations_clientmrr" ("id" integer NOT NULL PRIMARY KEY AUTOINCREMENT, "mrr" decimal NOT NULL, "month" date NOT NULL, "classification" varchar(25) NOT NULL, "customer_id" integer NOT NULL REFERENCES "mrr_calculations_customer" ("id"), "classification_value" decimal NULL);
INSERT INTO "mrr_calculations_clientmrr" VALUES(222,916.66667,'2016-06-01','new',1,916.66667);
INSERT INTO "mrr_calculations_clientmrr" VALUES(223,916.66667,'2016-07-01','',1,NULL);
INSERT INTO "mrr_calculations_clientmrr" VALUES(224,3472.22222,'2016-08-01','expansion',1,2555.55556);
INSERT INTO "mrr_calculations_clientmrr" VALUES(225,3472.22222,'2016-09-01','',1,NULL);
INSERT INTO "mrr_calculations_clientmrr" VALUES(226,3472.22222,'2016-10-01','',1,NULL);
INSERT INTO "mrr_calculations_clientmrr" VALUES(227,3722.22222,'2016-11-01','expansion',1,250);
INSERT INTO "mrr_calculations_clientmrr" VALUES(228,3722.22222,'2016-12-01','',1,NULL);
INSERT INTO "mrr_calculations_clientmrr" VALUES(229,3722.22222,'2017-01-01','',1,NULL);
INSERT INTO "mrr_calculations_clientmrr" VALUES(230,3722.22222,'2017-02-01','',1,NULL);
INSERT INTO "mrr_calculations_clientmrr" VALUES(231,3722.22222,'2017-03-01','',1,NULL);
INSERT INTO "mrr_calculations_clientmrr" VALUES(232,3722.22222,'2017-04-01','',1,NULL);
INSERT INTO "mrr_calculations_clientmrr" VALUES(233,1166.66667,'2017-05-01','contraction',1,-2555.55556);
INSERT INTO "mrr_calculations_clientmrr" VALUES(234,250,'2017-06-01','contraction',1,-916.66667);
INSERT INTO "mrr_calculations_clientmrr" VALUES(235,250,'2017-07-01','',1,NULL);
INSERT INTO "mrr_calculations_clientmrr" VALUES(236,250,'2017-08-01','',1,NULL);
INSERT INTO "mrr_calculations_clientmrr" VALUES(237,250,'2017-09-01','',1,NULL);
INSERT INTO "mrr_calculations_clientmrr" VALUES(238,250,'2017-10-01','',1,NULL);
INSERT INTO "mrr_calculations_clientmrr" VALUES(239,0,'2017-11-01','churn',1,-250);
INSERT INTO "mrr_calculations_clientmrr" VALUES(240,175,'2016-07-01','new',2,175);
INSERT INTO "mrr_calculations_clientmrr" VALUES(241,817.85714,'2016-08-01','expansion',2,642.85714);
INSERT INTO "mrr_calculations_clientmrr" VALUES(242,817.85714,'2016-09-01','',2,NULL);
INSERT INTO "mrr_calculations_clientmrr" VALUES(243,1067.85714,'2016-10-01','expansion',2,250);
INSERT INTO "mrr_calculations_clientmrr" VALUES(244,1067.85714,'2016-11-01','',2,NULL);
INSERT INTO "mrr_calculations_clientmrr" VALUES(245,1067.85714,'2016-12-01','',2,NULL);
INSERT INTO "mrr_calculations_clientmrr" VALUES(246,1067.85714,'2017-01-01','',2,NULL);
INSERT INTO "mrr_calculations_clientmrr" VALUES(247,1067.85714,'2017-02-01','',2,NULL);
INSERT INTO "mrr_calculations_clientmrr" VALUES(248,175,'2017-03-01','contraction',2,-892.85714);
INSERT INTO "mrr_calculations_clientmrr" VALUES(249,175,'2017-04-01','',2,NULL);
INSERT INTO "mrr_calculations_clientmrr" VALUES(250,175,'2017-05-01','',2,NULL);
INSERT INTO "mrr_calculations_clientmrr" VALUES(251,175,'2017-06-01','',2,NULL);
INSERT INTO "mrr_calculations_clientmrr" VALUES(252,0,'2017-07-01','churn',2,-175);
INSERT INTO "mrr_calculations_clientmrr" VALUES(253,0,'2017-08-01','new',2,0);
INSERT INTO "mrr_calculations_clientmrr" VALUES(254,1125,'2017-04-01','new',3,1125);
INSERT INTO "mrr_calculations_clientmrr" VALUES(255,1125,'2017-05-01','',3,NULL);
INSERT INTO "mrr_calculations_clientmrr" VALUES(256,1508.33333,'2017-06-01','expansion',3,383.33333);
INSERT INTO "mrr_calculations_clientmrr" VALUES(257,1508.33333,'2017-07-01','',3,NULL);
INSERT INTO "mrr_calculations_clientmrr" VALUES(258,1508.33333,'2017-08-01','',3,NULL);
INSERT INTO "mrr_calculations_clientmrr" VALUES(259,1508.33333,'2017-09-01','',3,NULL);
INSERT INTO "mrr_calculations_clientmrr" VALUES(260,1508.33333,'2017-10-01','',3,NULL);
INSERT INTO "mrr_calculations_clientmrr" VALUES(261,1508.33333,'2017-11-01','',3,NULL);
INSERT INTO "mrr_calculations_clientmrr" VALUES(262,1125,'2017-12-01','contraction',3,-383.33333);
INSERT INTO "mrr_calculations_clientmrr" VALUES(263,1125,'2018-01-01','',3,NULL);
INSERT INTO "mrr_calculations_clientmrr" VALUES(264,1125,'2018-02-01','',3,NULL);
INSERT INTO "mrr_calculations_clientmrr" VALUES(265,1125,'2018-03-01','',3,NULL);
INSERT INTO "mrr_calculations_clientmrr" VALUES(266,0,'2018-04-01','churn',3,-1125);
INSERT INTO "mrr_calculations_clientmrr" VALUES(267,0,'2016-09-01','new',4,0);
INSERT INTO "mrr_calculations_clientmrr" VALUES(268,0,'2016-10-01','new',4,0);
INSERT INTO "mrr_calculations_clientmrr" VALUES(269,0,'2016-11-01','new',4,0);
INSERT INTO "mrr_calculations_clientmrr" VALUES(270,0,'2016-12-01','new',4,0);
INSERT INTO "mrr_calculations_clientmrr" VALUES(271,0,'2017-01-01','new',4,0);
INSERT INTO "mrr_calculations_clientmrr" VALUES(272,0,'2017-02-01','new',4,0);
INSERT INTO "mrr_calculations_clientmrr" VALUES(273,0,'2017-03-01','new',4,0);
INSERT INTO "mrr_calculations_clientmrr" VALUES(274,0,'2017-04-01','new',4,0);
INSERT INTO "mrr_calculations_clientmrr" VALUES(275,0,'2017-05-01','new',4,0);
INSERT INTO "mrr_calculations_clientmrr" VALUES(276,1250,'2017-06-01','new',4,1250);
INSERT INTO "mrr_calculations_clientmrr" VALUES(277,1250,'2017-07-01','',4,NULL);
INSERT INTO "mrr_calculations_clientmrr" VALUES(278,1250,'2017-08-01','',4,NULL);
INSERT INTO "mrr_calculations_clientmrr" VALUES(279,1250,'2017-09-01','',4,NULL);
INSERT INTO "mrr_calculations_clientmrr" VALUES(280,1250,'2017-10-01','',4,NULL);
INSERT INTO "mrr_calculations_clientmrr" VALUES(281,1250,'2017-11-01','',4,NULL);
INSERT INTO "mrr_calculations_clientmrr" VALUES(282,1250,'2017-12-01','',4,NULL);
INSERT INTO "mrr_calculations_clientmrr" VALUES(283,1250,'2018-01-01','',4,NULL);
INSERT INTO "mrr_calculations_clientmrr" VALUES(284,1250,'2018-02-01','',4,NULL);
INSERT INTO "mrr_calculations_clientmrr" VALUES(285,1250,'2018-03-01','',4,NULL);
INSERT INTO "mrr_calculations_clientmrr" VALUES(286,1250,'2018-04-01','',4,NULL);
INSERT INTO "mrr_calculations_clientmrr" VALUES(287,1250,'2018-05-01','',4,NULL);
INSERT INTO "mrr_calculations_clientmrr" VALUES(288,0,'2018-06-01','churn',4,-1250);
CREATE TABLE "django_session" ("session_key" varchar(40) NOT NULL PRIMARY KEY, "session_data" text NOT NULL, "expire_date" datetime NOT NULL);
INSERT INTO "django_session" VALUES('dj1b64rn7zjulxjeyvm44btl5uyijgzs','ZTA5NTM0ZmYyYmUwZDhhZDc5Njg2NDkzYjEyNmI2NTZhMTI0ZDVmZjp7Il9hdXRoX3VzZXJfaGFzaCI6ImE2NTk2NGJiZjU0ODNlNWU3ZmMzYWViYjFiODYwMWQ4OTY5MGViNzMiLCJfYXV0aF91c2VyX2lkIjoiMSIsIl9hdXRoX3VzZXJfYmFja2VuZCI6ImRqYW5nby5jb250cmliLmF1dGguYmFja2VuZHMuTW9kZWxCYWNrZW5kIn0=','2017-08-23 13:42:19.349347');
DELETE FROM sqlite_sequence;
INSERT INTO "sqlite_sequence" VALUES('django_migrations',16);
INSERT INTO "sqlite_sequence" VALUES('django_admin_log',0);
INSERT INTO "sqlite_sequence" VALUES('django_content_type',10);
INSERT INTO "sqlite_sequence" VALUES('auth_permission',30);
INSERT INTO "sqlite_sequence" VALUES('auth_user',1);
INSERT INTO "sqlite_sequence" VALUES('mrr_calculations_invoiceitem',125);
INSERT INTO "sqlite_sequence" VALUES('mrr_calculations_clientmrr',288);
INSERT INTO "sqlite_sequence" VALUES('mrr_calculations_csvupload',11);
INSERT INTO "sqlite_sequence" VALUES('mrr_calculations_customer',4);
CREATE UNIQUE INDEX "auth_group_permissions_group_id_0cd325b0_uniq" ON "auth_group_permissions" ("group_id", "permission_id");
CREATE INDEX "auth_group_permissions_0e939a4f" ON "auth_group_permissions" ("group_id");
CREATE INDEX "auth_group_permissions_8373b171" ON "auth_group_permissions" ("permission_id");
CREATE UNIQUE INDEX "auth_user_groups_user_id_94350c0c_uniq" ON "auth_user_groups" ("user_id", "group_id");
CREATE INDEX "auth_user_groups_e8701ad4" ON "auth_user_groups" ("user_id");
CREATE INDEX "auth_user_groups_0e939a4f" ON "auth_user_groups" ("group_id");
CREATE UNIQUE INDEX "auth_user_user_permissions_user_id_14a6b632_uniq" ON "auth_user_user_permissions" ("user_id", "permission_id");
CREATE INDEX "auth_user_user_permissions_e8701ad4" ON "auth_user_user_permissions" ("user_id");
CREATE INDEX "auth_user_user_permissions_8373b171" ON "auth_user_user_permissions" ("permission_id");
CREATE INDEX "django_admin_log_417f1b1c" ON "django_admin_log" ("content_type_id");
CREATE INDEX "django_admin_log_e8701ad4" ON "django_admin_log" ("user_id");
CREATE UNIQUE INDEX "django_content_type_app_label_76bd3d3b_uniq" ON "django_content_type" ("app_label", "model");
CREATE UNIQUE INDEX "auth_permission_content_type_id_01ab375a_uniq" ON "auth_permission" ("content_type_id", "codename");
CREATE INDEX "auth_permission_417f1b1c" ON "auth_permission" ("content_type_id");
CREATE INDEX "mrr_calculations_customer_8e6c2dce" ON "mrr_calculations_customer" ("primary_lip_id");
CREATE INDEX "mrr_calculations_invoiceitem_cb24373b" ON "mrr_calculations_invoiceitem" ("customer_id");
CREATE INDEX "mrr_calculations_invoiceitem_7a2de5b5" ON "mrr_calculations_invoiceitem" ("orig_csv_id");
CREATE INDEX "mrr_calculations_clientmrr_cb24373b" ON "mrr_calculations_clientmrr" ("customer_id");
CREATE INDEX "django_session_de54fa62" ON "django_session" ("expire_date");
COMMIT;
